Site Name,,Theme,Custom Url
https://24-7security.co.za,,Divi,Yes
http://callcabinet.com/,,Custom,Yes
https://www.gep.co.za/,,Custom Theme,--
http://www.samint.co.za/,,Enfold,No
https://www.selectafrica.net,,Divi,Yes
http://ppsha.co.za/,,Divi,Yes
https://primeafricanlife.co.za/,,Divi,
http://financialfitnessportfolios.co.za/,,Divi,No
https://intranet.gep.co.za/,,Divi,
http://asstgroup.com/,,Divi,No
http://crossfire.co.za/,,Divi,Yes
https://drbraun.co.za/,,Divi,
https://drufftest.co.za/emgaging,,Divi,
http://wilkenmotorsport.co.za/,,Divi,Yes
http://sunspray.co.za/,,Divi,No
https://mteplanthire.co.za/,,Divi,No
https://primeafrican.co.za/,,Divi,No
https://safemining.co.za/,,Divi,
https://www.businessprint.co.za/,,Divi,No
https://almacars.co.za/,,Car Dealer/Elementor,Yes
https://abyx.co.za/,,Divi,Yes
qrcode.co.za,,engitech,Yes
https://adlibio.co.za/,,Divi,Yes
https://aimachines.co.za/,,Divi,Yes
https://saccawu.org.za/,,Divi,Yes
https://k5heavy.co.za/,,Divi,Yes
https://ccs.equipment/,,Divi,Yes
https://bushwagamereserve.co.za/,,Divi,Yes
https://nahakconsulting.com/,,Divi,Yes
https://moutaisouthafrica.co.za/,,Divi,Yes
https://www.fullhouseevents.co.za/,,Divi,Yes
https://vpnt.co.za/,,Divi,Yes
https://interlockembroidery.co.za/,,Divi,Yes
http://acumate.co.za/,,Divi,Yes
https://vaalsez.co.za/,,Divi,Yes
https://amkaintranet.co.za/,,Divi,Yes
http://mbuyelointranet.co.za/,,Divi,Yes
https://24-7droneforce.co.za/,,Divi,Yes
https://www.newconcept.co.za/,,Divi,Yes
https://eqserv.co.za/,,Divi,Yes
https://vitalvetting.co.za/,,Divi,Yes
http://trackandfieldza.com/,,Divi,Yes
https://kobenhofmeyrsevens.co.za/,,Divi,Yes
https://drufftest.co.za/LebeaAssociatesAttorneys/,,Divi,Yes
https://bolsbury.com/,,Divi,Yes
https://drufftest.co.za/fieldservices/,,Divi,Yes
https://barit.co.za/,,Divi,Yes
https://drufftest.co.za/redcamel/,,Divi,Yes
https://savika.co.za/,,Divi,Yes
https://drufftest.co.za/ncpinternational/,,Divi,Yes
